player_name,solo_KillDeathRatio,solo_DamagePg,solo_AvgSurvivalTime,solo_WinRatio
XTT1993,2.39,235.46,1097.34,12.59
Hongbro,1.91,210.91,1372.23,3.03
Painkillerr,2.8,274.22,912.58,16.67
Triangler,2.73,285.44,1102.48,11.76
Obsessiveness,2.23,243.2,947.8,3.19
K2Raynor,2.83,307.73,1182.22,10
LHGMAN,1.27,156.74,1019.27,1.16
HappypooL,1.21,135.32,1203.71,5.81
tyrose936,3.38,342.39,892.63,7.14
moamoa,2.15,228.83,876.25,2.94
NSG-Tyler,1.72,193.64,1029.79,3.39
KimDoHyung,1.13,149.47,932.01,2.04
naver_Kill,2.26,219.94,1185.18,13.64
Kenshuchu,3.95,398.8,1142.21,6.93
Leethm,1.86,191.69,1127.62,3.45
StarTaledBOB,1.66,193.18,832.01,3.78
Backsook,1.62,198.01,652.42,0
Maypiano,4.75,378.46,1613.63,20
Flanderz,2,250.89,834.16,0
HoleMan,1.17,136.03,1196.08,2.67
Parkjinyong,1.36,165.45,877.53,1.96
PUDGE228,3.23,340.57,1003.02,10.53
PangHyun,2.6,303.58,1318.76,4.76
keith7369,1.21,148.03,873.08,2.52
DDSG,3.85,353.15,1638.46,21.25
Canchome,1.67,214.35,1483.56,0
H1Zl_SUX,2.45,270.71,1512.47,8.33
Polaris3851,4.5,460.04,815.93,8.57
twitchtv_TheHell,3.91,388.47,822.17,9.94
Varong,1.16,137.54,1310.84,5.81
MIDGO,2.24,273.02,989.34,3.85
YoRing,1.11,137.55,1111.35,4.17
BulldogZ,4.18,395.31,1733.42,21.43
Vlarthas,1.01,120.73,1407.18,4.55
quiksilver,6.06,534.05,893.96,21.74
Abel,4.3,425.08,1428.67,13.64
speczer,1.54,176.34,747.73,1.98
Lobus,2.32,223.98,1118.24,7.5
Killer_Flame,2.56,253.74,979.45,5.88
Capta1nDaddy,8.4,569.23,1512.57,37.5
zRwR,1.91,222.98,989.93,4.17
Xzq123456,1.58,178,742.13,3.6
Eljo,2.33,311.34,1201.28,0
Moral_hazard,1.41,174.14,1412.29,1.04
SupremeHades,3.76,361.69,1204.55,12.5
Xterminator,1.29,153.18,691.97,0
oEVERGREENo,1.65,173.98,1313.38,3.96
taksen,2.34,258.35,1071.28,10.11
UnknownuserX,2.11,232.46,962.49,6.19
SapaQ,1.59,193.63,1179.55,2.7
JOHAEUN,2.09,214.51,1137.41,6.25
Liquidz,3.27,321.69,946.51,12
dogyun,8,850.6,1834.99,0
MAEM,2.04,213.28,969.61,5.45
QQQQQQ,3.03,296.69,1118.86,11.94
superdd,1.34,165.64,1035.69,1.91
seokbiandBeast,2.42,246.2,682.17,5
StarTail,2.11,240.47,999.62,3.57
MGardevoir,2.14,233.02,746.34,0
GhoStEyeS,1.35,162.75,800.76,0
KwonHaeTae,1.08,136.76,909.73,3.7
ChevChevYo,5.29,505.76,1727.41,22.22
4602121,2.87,287.81,563.19,8
Bot_Swag,2.09,209.41,1102.28,10.76
longya77,0.96,112.79,886.67,0.38
Kurumicha,2.31,239.1,929.03,9.09
gs668,2.61,262.58,1077.35,12
Dracullia,2.12,249.61,1084.54,0
TanKyun,2.19,248.32,1163.39,4.04
EdgeHOTS,1.7,184.87,889.42,2.94
TGP_wahaha,6.79,482.48,1248.1,31.82
PigCat,1.76,199.3,935.1,5.94
AnuCheekibreeki,1.82,219.94,890.94,3.51
Sibainu,3.27,314.05,1177.38,12.5
SoulSS,1.8,194.3,1090.48,6.59
LEX1NG,3.35,296.06,1153.92,20.69
LAVEND3R,2.15,242.32,1386.35,8.48
FeelWay,1.09,132.76,899.75,2.82
Moody,5.09,500.47,1338.82,16.96
Kammy-,2.51,280.94,1224.61,6.18
benq5,4.8,436.27,1284.41,24.43
Chagrin_,2.36,243.93,1123.34,10.77
Koooong,2.15,243.37,1211.22,9.3
DuWan,1.88,216.06,721.61,4
alcoco,1.48,177.7,512.73,1.39
a_lone,0.95,119.76,722.28,0
godobj,2.18,203.9,1095.97,8.33
SSNR,2.05,237.45,1145.6,6.5
Maron89,1,114.8,1348.56,0.68
SEX-KING-YeonWoo,1.2,144.68,815.43,1.33
t0fficz,4.43,410.43,1338.47,15.69
KingedBruh,1.91,205.44,913.57,2.94
Bermuda,2.2,317.14,1304.97,0
hingo_o,9.5,684.14,1539.86,33.33
Simpletone,2.44,279.19,963.44,3.85
chelator,1.56,176.5,844.52,1.67
sanshe,0.75,91.06,469.25,0
AragakiAyase1,2.27,190.03,1059.95,16.67
LittleFree,3.5,188.91,1331.34,50
Tank446,3.2,285.51,1140.38,9.09
VoodooG0d,3.2,339.17,1225.45,12.02
VanTz3oy,8,737.99,1432.69,16.67
rsi404,4.77,398.23,1635.97,23.53
HwaRang18se,1.36,159.43,1343.18,7.56
GeniusMAD,1.91,211.19,1223.14,8.05
Starry91,2.8,260.15,1184.17,11.76
what9,2.21,218.06,1402.02,13.04
oSevo,3.21,322.73,971.09,12.26
WreckemRob,3.28,342.43,1136.65,10.53
OhJungJe,4,451.78,1328.58,0
leezin,1.6,184.6,1389.57,4.08
Op_Kim,0,0,810.66,0
SWOLE_MARONE,3.53,349.29,1081.24,5.56
PotSad,2.4,269.98,1007.58,0
JohnVarvatos,6.14,514.92,1103.75,30
Corps777,0.82,98.39,1118.95,2
Teitoku,2.23,202.76,1281.3,14.55
Rosetta,1.57,189.17,1144.38,6.36
deathRow,2.38,261.44,552.36,2.95
LesClos,2.3,258.52,417.77,3.52
youth,1.89,221.97,1222.88,3.35
HoN_BoYa,3.18,305.36,1025.14,8.33
Nutshot_au,2.77,291.75,1034.94,13.95
VinnnnY,1.13,136.61,1254.92,5.65
ShenShI,2.69,280.86,1400.39,5.08
Twitchtv-Wizwiki,1.97,220.52,1199.49,6.58
Drulvert,3.23,293.61,1041.6,11.76
darksq,1.08,133.82,1302.69,0.76
hasong,1.44,168.48,687.7,0
notbenOG,1.46,178.39,1052.18,4.93
KORmse,3.59,343.09,1126.2,10.53
BaeLack,2.61,254.59,929.47,5.71
Wakano,0,0,148.57,0
JazzaTV,5.2,487.35,954.25,16.67
Nasang_ONE,2.68,275.84,1376.08,12.96
ButterToastBoy,27.5,1056.26,1524.19,60
SpecialONE___Orz,2,213.39,1433.62,9.89
zhzz--,1.42,160.82,806,2.82
K4ZZ,2.14,243.23,1158.18,7.45
Serjen,1.24,167.97,938.08,3.77
showking,2.74,270.64,1182.44,9.52
SingsongPingPong,4.43,414.36,1260.46,12.5
GGorani,6.5,402.18,1772.67,42.86
Bicsby,2.73,260.33,1111.33,10.81
MasterYR,0.83,104.04,922.03,0
Bahawaka,6,557.08,1463.77,19.78
SilkyMeat,1.18,149.06,663.73,0
Puzzle82,0.87,104.8,1017.19,1.87
eLus1ve,2.06,220.76,377.9,0
Qoong,2.05,216.07,1162.38,6.52
momento,3.06,257.09,1442.52,20
Arx4,1.49,170.04,966.97,2.9
SleepyDog99,3.5,290.55,1256.62,20
NoM3rcy,1.5,182.22,836.6,2.52
iGroot,0.85,105.34,1137.47,2.43
ConGanna,1.42,166.98,1024.37,3.51
HARIM-,3.41,334.34,1162.06,10.53
TaeJi,1.77,201.64,1352.46,2.8
pjkpcs3646,1.57,166.51,1079.71,8.7
DearAlas,1.35,133.83,1251.8,4
BongJa,1.66,204.22,994.1,3.45
Gahzrilla,3.89,377.97,711.11,15.62
alohayo,1.71,202.83,793.14,3.07
TaRanE,3,294.83,1552.72,0
Sharpshooter,1.19,141.1,801.4,1.74
fvwsatur,0.99,116.56,777.66,0.48
CrysisBoom,2.25,232.18,967.12,0
Bambia,1.33,163.72,1232.38,1.54
ShareZa,5,466.46,1115.7,14.63
Flameman,2.48,257.9,790.01,1.52
banes,1.07,129.81,1058.43,2.46
siraya,1.05,129.92,888.6,1.82
moondog1,1.13,139.43,925.16,2.52
jiwoo,1.17,142.17,1502.4,1.56
B-B-GO,2.78,258.3,860.83,14.29
PanDAtv629312,3.63,378.35,950.53,5.77
cidori,1.88,197.7,806.97,1.96
MYINNERSIDE,1.65,195.4,1169.43,4.73
Gandhimeta,1.59,185.39,1301.58,5.19
Zhaka,3.67,350.16,1380.86,11.11
JKD00,2.12,244.02,1314.12,5.48
Dezimous,2.6,258.4,1188.18,0
taiwanNO1,3,320.27,1324.88,10
melloncs,3.55,335.19,609.43,7.41
PJLee,1.14,141.19,1062.75,1.28
Maggysay,1.85,227.42,1111.96,3.88
OdinBro,1,149.03,1711.06,0
Rhaysor,2.06,228.26,1269.18,6.92
LucaEats,3.28,365.32,908.52,6.9
GOorDIE,2.38,256.39,1079.02,7.23
RoryFPS,4.78,382.9,913.48,18.18
Trollspider,1.16,136.76,1335.41,8.82
twitchTVdahmien7,3.7,367.02,1161.55,12.75
twitchfAwn,3.08,336.8,1302.68,7.14
BaekryeoN,5.17,412.67,1282.15,33.33
woka,3.1,326.57,785.96,3.12
KillCrazylol,2.68,269.84,708.56,4.35
Sumoken,2.27,239.36,971.08,7.07
sekhyeon,1.24,150.37,974.34,3.76
KnorkiS,4.29,393.94,1142.67,15.79
hypoc,3.35,359.72,911.8,5.77
yangnyumddal,1.08,132.7,1331.96,4.76
seonwoo-,14,766.31,1501.47,40
Art1022,0.82,95.56,1187.78,1.9
ALANKARUDERON,1.92,209.63,1332.27,5.36
yachebbang,1.57,178.04,1256,6.49
eDGe_Aus,5.38,496.17,927.89,18.26
Hoonkidult,2.24,241.46,1090.15,11.76
Yeon_,1.53,173.62,1382.73,3.96
Godhoon,3.2,342.8,1073.88,5.41
Loosia,1.41,176.39,510.55,0
ycshenhai,2.18,228.07,972.36,4.76
YouGrandMader,3.26,341.91,861.39,6.9
korean-bbq,1.76,224.93,1251.93,0
ToveLoGOD,3.19,334.26,914.77,3.75
DongsuGod,1.45,186.79,842.55,1.75
minimal,0.96,120.33,853.36,0.35
iceking999,3.29,274.75,961.53,12.5
Nixgom,1.07,132.83,724.14,0
RekenJPN,2.68,287.35,872.36,5.38
kuberin,1.57,187.01,1169.67,6.67
Audrey,1.2,143.07,1012.09,4.96
ParkJae,1.44,163.05,936.64,2.67
lGinGeRlKinGl,2.37,272.02,773.88,6.25
Yowi,1.61,199.14,1151.4,6.06
xeno2k,2.12,241.91,1601.86,12.12
Animalstatus,1.55,202.47,1106.13,2.64
dogchob,1.36,145.75,623.18,3.45
Jokerl0_0l,1.46,189.22,868.92,1.45
static_int_main,0.99,117.14,773.98,2.82
zNie,1.42,164.26,908.61,0
Mapo_,1.79,251.79,1352.28,0
Albert52777,1.66,201.87,881.34,4.49
IGNz,2.96,298.86,1005.5,8.62
tmdgus982,2.29,237.65,746.38,5.41
tmtmaster4life,2.82,295.71,796.47,11.43
ThisisDragon,1.55,171.43,1167.28,8.33
sprEEEzy,3.67,328.79,1303.68,17.79
B_Raven,1.09,127.69,1143.48,3.77
SHACO-_-,3.29,284.3,1158.2,22.22
Gusang_,1.36,150.46,1107.01,0
SangHyuns,1.26,148.91,661.84,2.13
Demon_ni2,1.75,200.42,1138.88,4.23
boysfighter,1.3,177.84,1632.62,4.97
OINK_OINK_OINK,1.16,144.55,551.52,0.97
donttouth,0.81,104.02,1027.54,2.33
yukatus,0.67,120.3,981.37,0
Quickes,2.52,264.05,1078.72,8.7
3tButz,2.97,340.39,1232.03,5.33
Stylish_Noob,3.9,393.06,1033,10.4
PeakN_,0.83,91.52,1144.4,0
STar-man,1.16,128.39,734.74,0.76
miggeLz,4.72,459.4,1072.68,13.33
realfriend_kyu,1.73,196.7,1564.36,3.7
firehit,0.77,103.4,711.65,0
DayK,1.34,146.44,970.35,6.56
HuYa-WWW-CNXZ-TV,3.67,354.13,781.89,8.51
LanCe10,2.29,242.97,1300.6,6.67
Jessuu,1.13,145.3,864.95,2.67
JiangHJ,8.25,505.5,1637.31,33.33
enchant_,1.75,187.33,1231.07,11.11
glmjohn,2.78,278.92,1209.76,6.9
iNsaDoL,2.12,232.25,912.81,3.7
mar-bling,1.46,183.69,952.53,3.7
boboina,3.81,336.72,1154.56,22.67
ikillme,1.56,185.41,614.62,5.49
Fondue,3.91,366.16,1127.78,15.38
Goran1,1.44,177.71,776.41,3.57
Rabbit,2.2,236.63,1227.54,7.41
Connelly,2.13,254.51,888.26,3.79
times,3.35,341.61,1310.9,3.12
HULK-_-,1.01,118.84,940.53,0.64
Renh,2.26,265.65,1091.09,3.16
KyuMin_Hwang,1.14,131.67,625.67,0.94
asdzxcyy,1.95,204.16,900.93,10.42
ktf3446,1.86,213.5,1017.54,0
Merald-,2.77,285.87,1050.18,14.23
Twins,1.57,183.14,1618.08,13.68
LeeJinTen,1.69,211.77,1313.18,4.64
URIAGE,1.81,181.36,1006.88,11.11
ggone,1.11,131.41,681.87,0.75
LebronsBBC,2.08,231.45,675.36,0
IDEADEAD,2,217.68,1138.22,3.39
xxxxpppp,3.44,331.35,1161.01,12.15
DOBINIC,1.13,133.49,1096.87,0
All-Master,1.17,131,1091.56,5.41
KingJonesGaming,1.55,185.51,1112.77,1.59
Wheatlay,1.71,186.71,904.89,7.23
prihit,3,223.11,1144.58,33.33
xXxSoMeThAnGxXx,7.86,660.94,1558.01,22.22
Vanquish-,2.5,289.43,1175.84,0
DarkCloud0421,3.1,320.09,1293.62,10.45
Titanium-22,1.37,157.27,805.78,0
wnsrlf55,7.17,576.8,1568.39,27.27
Dubai520,6.39,571.93,1351.44,17.86
MOONSANG,3.56,355.1,991.67,17.07
PEPSII,1.07,125.57,953.15,0.93
BayControl,2.37,259.3,1046.18,4.65
GGRG,0.74,106.37,924.73,2.04
Jafet,3.38,336.4,1141.23,12.79
Frosteyy,2.54,246.37,1110.57,10.84
DalJae,1.83,205.9,705.17,3.23
kam1916,2.83,324.93,1254.78,5.45
KisID,1.64,189.62,1176.55,6.13
ProfileNGG,1.4,156.92,681.43,2.27
kor_stormchaser,1.15,128.97,1064.23,1.39
BreezeShin,2.07,251.27,907.53,3.33
MAVnyan,2.43,260.27,1150.31,9.62
Van_Shadow,1.05,123.25,1110.09,5
Isuck,1.42,163.64,650.01,5.88
ZondaCR7,2.67,214.74,1414.52,25
Infamousss,1.69,181.75,816.16,2.7
BESSER,2.18,228.56,1259.1,4.58
outc1der,5.43,466.34,1147.33,26.5
Gill911,0,0,425.91,0
GenX_Eve,1.03,131.11,1060.67,0.42
daejangnim,4.67,321.78,1300.36,25
KSnKickstart,3.78,363.19,1065.8,17.78
SSAMBOKOREA,1.34,177.71,1172.81,3.33
Khar_xP,3.73,413.55,1355.18,6.25
JakeLim,1.24,150.12,790.52,1.16
Katarina-,12,616.11,1682.18,50
DalSam,2.3,230.95,762.76,7.89
BBongNim,1.95,196.62,913.9,4.35
Code4,1.04,124.71,648.83,2.29
MOMOMING,3.15,318.81,1143.61,12.9
KillarGas,2.79,333.51,1527.93,0
Coin__PEACOCK,1.2,127.05,814.06,6.25
HoloH,1.67,173.94,866.41,0
GodSungHyun,1.47,163.88,1190.42,1.5
Magarita,1.32,163,578.36,1.79
ABAB,3.17,323.4,1118.26,12.2
Stahli-,1.98,219.1,1062.16,3.7
JJUP,8.33,353.65,1551.6,57.14
Civic_KR,1.37,164.44,1499.54,0.64
blackoutnz,3.26,335.15,1194.4,9.52
Ronan_,2,212.65,961.11,6.25
Jeeswoosh,0.91,112.5,763.1,0
SOLT,2,229.1,1297.82,7.41
SANJI,2.92,290.99,1037.48,9.09
Nolazo,2.55,273.1,1177.07,8.89
Gonea,2.1,230.68,648.78,4.17
Lnfo,6.6,529.97,1385.58,28.57
Duckk,4.44,451.09,1641.06,18.18
blaiZe-,3.54,329.29,1126.77,13.64
BadKing,2.62,269.62,1282.99,15
Handohyun,1.68,197.55,952.12,1.56
Alpha90,1.9,206.79,1249.84,7.39
sikoraKnight,3.73,335.21,1460.54,22.58
LaytoN,7,346.81,1609.88,50
ChairOnMattress,2.51,242.47,977.95,14.53
P0lak,4.36,386.62,1474.29,15.38
DevistilteD,5.08,479.38,1403.83,20
PizzK3,4.57,379.04,1389.72,12.5
GloryJean,2.75,268.77,1087.26,11.76
TwicePanda,1.83,210.04,1012.96,3.03
westsidekimchiga,1.01,118.05,841.69,0
anekisign,3.29,296.08,571.12,12.5
Scurry9,3.11,276.39,610.76,10
Velfox,2.63,279.32,1089.86,9.85
joestudio,1.7,204.26,1177,2.53
RaptoRdaKing,1.8,201.78,1211.55,11.76
Znowa,3.79,358.03,1117.42,15.29
Alfraid,2.23,223.59,1399.12,10.74
YongBBi,1.23,155.94,1258.76,4.26
HB-1988,2.59,269.26,1419.46,10.2
tomokiti,1.49,172.66,1001.21,2.35
HYPERRUSH,1.3,162.68,1196.92,2.22
doublelife76,1.72,204.35,1091.49,3.39
notadeveloper,3.91,342.44,1382.44,15.38
RElS,3.7,336.05,905.64,13.16
Zach_Spade,1.53,177.87,843.88,0.89
ARCE20,1.41,161.16,795.02,2.11
lastmarine,1.95,230.84,1253.69,2.63
SuffleKing,2.09,234.2,1422.72,8.11
Giwoni,1.7,201.99,956.91,3.85
XXXHHHEEE,2.65,283.73,1397.49,5.16
Axenix,1.08,129.97,786.32,2.74
TG888TG,1.16,153.31,986.54,3.35
S_GRM,1.19,149.39,774.07,0.85
hamizzz,2.43,238.91,1697.64,14.29
p-kiyong,1.74,200.22,1062.79,2.78
Negan7,1.25,150.18,1099.72,5.48
JW92,5.58,492.34,1310.9,20
overclasskr,2.26,232.5,1011.63,5.71
0kin,2.47,274.53,1063.11,4.98
Ji_Hoon,3.17,288.78,1045.38,14.29
Not-Today,1.59,172.95,1237.3,5.08
KidCody,11,696.1,1480.16,50
Gaeun,1.57,188.31,1078.26,2.63
Champzzzz,3.16,308.24,821.2,10
hooyaa,1.14,138.46,1574.79,3.96
baboggggg,1.98,220.09,741.11,2.27
lovendead,2.92,314.02,1445.05,4
CornP,3.33,303.89,1471.82,14.29
CrySheep,2.04,222.42,966.09,4.84
KRNero,2.66,285.09,1123.12,12
YOLOlife,1.29,155.71,1194.39,1.15
FuckUrFace,0.88,101.98,1077.06,2.42
AOHSIBAL,0.8,107.34,972.84,2.05
G_Loomis,2.08,250.91,717.97,1.67
ForLikes,1.54,173.11,434.81,5
k0ndey,3.38,379.86,1115.73,7.94
LosHD,3.17,326.59,867.09,10.4
tmtn,1.35,162.14,947.36,1.3
VfxTV,2.02,219.9,1079.79,2.13
darkmatter666,2.39,251.75,1152.93,7.41
ECLAT,1.51,170.29,1069.25,1.11
sson93,3,187.08,1908.2,100
DeepMoon,2.45,200.35,1269.7,15.38
Olent,2.94,279.3,1115.97,12.5
Sayul,3.21,306.45,1286.15,11.36
Malak3zas,2.92,324.49,1502.07,7.69
hz5673,2.03,206.13,1199.9,9.52
sonaa,2.53,265.88,881.87,2.78
SheroNZ,4.44,467.62,1365.83,10
Sorahb,4.09,338.67,1336.77,23.29
N0NN6,1.28,164.6,819.12,0
Houhyung,2,200.44,1250.93,0
Sigan,1.48,183.58,951.65,1.64
DouyuTv_ej6,1.86,217.71,1092.1,7.07
Thagen,2.5,256.79,1382.48,0
madebeifeng,7.45,584.54,1223.27,28.3
Abdi-,3.5,350.23,1035.84,10.67
VocalK,1.76,228.28,1278.34,1.67
R3s1d3nT,3.21,318.91,1358.99,11.69
RenDhark,2.75,273.63,1454.12,13.98
Elly-,1.25,147.72,1194.08,1.86
DI_DI,1.58,207.56,1269.24,5
WT2014,2.71,267.27,854.39,4.55
legendTV,1.69,182.21,1155.3,8.9
cprs,3.61,339.8,1098.73,16.22
Twitch-1am_Shin,1.17,148.06,1066.22,6.21
kickass_,4.43,281.4,1662.28,36.36
CTAEK,1.5,197.58,1069.2,3.9
Shoebill,4,362.14,1168.04,16.28
Feelkhl,1.32,157.07,1246.49,1.12
Jin8,1.98,216.67,711.45,4.94
orangeDringk,1.27,159.26,928.35,4.38
SeraS2,0.93,118.78,776.57,2.19
Aotem,2.24,241.51,984.93,3.66
KOR-GODLEE,2.92,265.71,1125.76,20
gochu,3.46,326.23,1217.15,14.81
SpandexLord,4.14,422.89,1135.55,13.04
kimmai,2.05,237.62,767.71,0
sn0w-jk,2.24,247.82,1097.62,6.12
jineuy,1.4,171.7,787.06,3.23
Korea_Zombie,1.1,136.6,1233.41,1.59
RedOrk,1.02,119.86,822.88,5.61
theSKoT,3.19,320.2,1537.36,11.11
Gaudrun,1.87,190.25,1319.37,8.51
S1mpleeeee,1.28,151.81,619.83,1.32
Blu3on,4.5,361.42,1111.27,27.27
LastForAll,1.41,181.14,1197.18,0
DongDongNim,1.33,143.86,918.44,4
Un_named,1.4,161.21,1215.42,5.41
hotsoju,3.75,252.68,1086.58,20
nyangbe,1.89,193.59,1268.35,3.26
lukcyrabbit,2.74,288.29,1143.91,10.94
Ggro,2.81,290.58,905.26,11.11
BluffRabbit,1.48,149.32,1007.71,4.17
BeeGlee,1.21,175.57,1165.41,5
GIGABYTE,1.95,220.27,988.42,3.45
ZeR0_Xia7,1.93,232.33,1290.3,5.17
ulreka,4.02,404.95,1204.63,14.29
Helfen,1.94,219.36,1014.32,2.94
Minervaa,1.52,170.76,1029.29,0
Yomoma,6.75,463.55,1055.33,33.33
RakunGuri,1.45,167.33,1037.21,1.75
TenderRooney,3,333.38,1375.08,0
BandKamp,3.12,327.32,885.17,0
Bartsimps0n,1.74,205.05,959.05,4.62
JimmurTV,2.45,261.88,870.14,11.41
Cnin,1.47,173.74,673.3,0.41
pointman123,1.75,207.15,876.11,3.08
GhostMutt,3.6,362.59,997.02,13.67
BeekHEAD,1.49,170.91,773.59,0.88
CloudTail,1.71,186.62,955.27,6.9
xc1996,0.88,101.35,519.31,2.94
Ponytai1,1.87,187.99,890.47,2.5
gwanggang1,1.85,228.52,1081.48,4.52
K-Force-JY,5,392.94,1689.55,25
choamim,1.12,140.09,890.14,2.99
gooddday,1.23,154.54,1094.84,1.08
Skankly,1.96,220.21,1281.81,5.11
shly,10.18,647.89,1471,38.89
taiwannumone,1.38,148.71,899.45,0
teunteune,1.12,125.67,1087.25,3.7
Presto0w0,1.82,201.98,1074.8,3.54
KimchiMaster,2.17,260.02,1129.07,4
Rhaul,1.05,126.67,1142.13,2.96
BiG_T87,2.52,271.45,1125.89,8.61
k-max,1.64,191.09,870.55,2.94
5pic,4.5,249.41,973.73,50
Mingyomi,0.78,99.02,871.8,0.63
Pocky1,2.06,254.94,1370.02,6.06
wellmade,1.85,222.54,1131.38,3.7
DeGloo,1.72,177.51,1377.22,8.57
YangCong1214,4.8,433.48,789.95,12.5
tipsyfiend,3.33,341.77,1233.2,8.33
iamcepe,2.49,263.93,1345.34,10.26
LickMeAss,2.41,258.22,1159.89,5.97
yooooooooooooooo,1.28,149.8,723.68,1.19
rG-papaya,1.84,198.56,708.33,9.43
Judelaw,1.45,172.62,1010.21,1.22
dAhun_,1.3,139.36,1175.01,4.44
GaybarClient,1.38,166.16,1487.88,4
ZzuZzu,1.5,176.35,1127.24,5.61
JumpyC,3.02,292.09,1277.21,15.59
Velnes,3.68,379.87,1216.66,11.27
Korin,2.34,255.7,1286.5,11.11
Mad_T1tan,1.59,182.66,849.52,4.17
LowJ4X,2.56,237.99,993.32,0
CoyotePro,2.48,261.15,1211.26,10.31
Hostylz,2.59,296.51,1254.24,6.72
SeoRyi,0.7,93.4,907.25,1.8
XPulZ_R4phY,5.56,472.72,1090.04,15.79
Untouchab1e,1.04,117.71,996.68,1.63
Taburks,1.21,159.41,803.06,1.94
leafsin,1.14,140.1,983.55,1.35
shuri,2.26,256.02,789.4,1.85
Zhuobaba,4.01,364.62,1055.96,13.22
101001,3.47,284.98,1348.15,21.05
Eniks,2.26,240.93,1296.01,8
Pino-NTK-,2.44,265.44,979.41,7.84
Lashar,0.91,119.88,1064.88,1.15
MCKunny,0.88,111.19,1387.36,1.48
BBanyan,12,542.88,1356.66,50
GangPin,1.17,145.52,1112.66,1.1
SpiceMaster,3.55,347.12,1266.68,11.76
Cat_Rain,0.92,113.03,955.09,2.44
NottinTV,1.83,210.92,1152.6,7.85
Zodyak_,1.92,210.87,1356.21,5.33
KOKUKU,1.31,134.11,948.34,0
FATER,1.88,207.63,881.79,3.24
M_G_MiraGe,0.95,115.47,961.77,0.25
KOR_ISEEYOU,2.08,208.04,929.13,7.14
Amagingkorea,1.5,184.43,1023.2,0.78
Jerry4,1.09,147.92,1486.04,0.93
DilkSAmmer,0.1,15.59,1228.31,0.2
ichbii,0.98,140.56,1038.54,1.67
cocain,1.28,135.44,1593.4,9.38
NimJaBiJom,3.6,342.28,1289.72,6.25
DDDang,1.53,180.25,847.05,0.87
LCHLCH,1.25,145.09,1075.78,4.42
Nasuhdede,0.75,98.66,1400.92,1.27
Ssay,1.9,227.3,1010.04,2.35
Rog_Valeera,0.79,107.38,555.06,0.4
koreanpunchBisu,3.78,358.75,1267.23,10
OuTLaWx-,3.33,349.99,1020.75,5.26
ColdBell,1.67,186.96,1302.78,3.85
MidHeHe,5,663.12,1492.72,0
BRTTEven,6.83,505.24,1653.61,25
Gullduck,1.89,205.32,869,6.33
Leerg,2.5,281.95,1288.9,9.12
Vitusha,1.18,140.17,1067.92,3.45
Dirty187,2.33,205.16,784.21,14.29
Howryou,2.39,249.46,1078.27,6.9
Huldo,2.22,260.37,1416,12.77
HugoMaximus,4.43,392.02,1386.42,23.33
37709pandaTV,3.57,338.85,905.75,12.5
MuGi404,1.16,140,970.92,0
TunaZzang,0.91,118.5,941.94,3.45
kimmohee,1.75,201.41,1009.15,4
Huxonhuxon,1.8,161.62,1219.2,16.67
LuvChuChu,1.51,184.51,1089.12,2.72
OMFJesus,0,0,679.62,0
DOSA,2,183.35,1132.97,16.67
LeeSeungHyuk,3.18,333.38,1029.91,8.33
MaximillianVoss,1.43,169.41,1225.86,6.15
PrayBlack,0.98,132.14,814.67,1.09
DjDaQ,2.11,232.44,806.31,0
OhmyEyes,1.99,230.27,1161.95,5.48
Esqwind-Bis,1.97,215.59,845.51,2.94
boundShoot,0.98,129.58,1187.18,0.81
FrozenKaya,1.03,137.78,1136.79,1.96
EckHarT,6.75,488.15,1650.88,33.33
JackedUpJonesy,8.18,538.69,901.08,34.62
mizox,2.86,287.32,1451.64,10.53
Anacher,2.42,257.04,1040.57,7.14
Ricenz,2.22,237.34,1020.41,4.48
MrThugnasty,1.41,154.24,534.23,3.77
HANDSOMEOGO,2.73,266.44,1338.49,12
CestLaBie,1.23,149.46,1078.86,3.26
JongSeok,1.48,158.69,900.23,4.94
Bl4zt3r,1.78,222.2,1042.9,6.38
UNbl,3.27,324.32,1261.19,15.38
pacidae,3.7,405.65,1455.13,0
Italliano,1.91,184.67,1283.27,11.32
YellaFella,2.65,287.25,1052.09,10.53
Anonymous,4.7,468.59,1024.29,9.09
KongCain,1.7,195.42,786.74,0
WOO-DRAGON,1.94,208.07,1265.55,8.93
Karalius,2.43,269.98,1303.99,10.47
IIIIIIIIlIlII,3.44,282.41,1091.89,25
Back_gu,1.25,140.29,1167.13,0
Zonji123,4.59,481.22,1018.59,6.38
makohachi,2,241.11,837.03,0
Satanclaus,1,119.11,914.19,0
esper0h,1.48,171.44,1051.77,2.75
Smithy97,6.45,530.98,1186.67,25.4
YakouLamperouge,1.88,218.94,1196.36,0
zumTUBE,2.4,257.88,1256.01,9.09
fatal1tyFPS,2.26,233.86,1324.9,10.18
GochuChamchi23,2.57,272.13,1182.09,7.3
Muerte188,1.77,211.36,740.22,4.62
PanzerKnacker,3.28,348.61,1130.96,10.45
ajorare,2,147.71,734.02,23.08
Lu-dus,0.97,120.83,955.44,1.32
heymin2,1.3,152.21,1115.69,1.85
kopikio,0.91,113.86,856.58,0.45
Koliup,2.16,269.52,1348.1,7.41
ajaeno1,2.75,301.96,1499.92,20
ujzz,1.41,170.94,824.95,1.19
kongseed,2.13,236.82,1348.12,6.12
MustHaveLoot,2.89,318.32,1018.18,6.17
lilyspy,0.88,115.44,892.25,3.4
7Teen,3.17,332.65,854.26,6.67
lsy_KR,1.14,135.94,522.13,2.69
haapynaru,1.34,139.88,810.74,3.03
yourbliss,1.29,145.3,1037.08,2.04
Sensation_JiNu,2.65,233.49,1342.16,15
InForMerSense,0.67,66.67,883.92,0
Goldnecklace,1.59,187.93,679.95,0
Awer,2.1,238.08,1243.07,5.99
LastJUNE,0.69,89.7,523.02,0.79
Redeld,1.81,199.35,1299.03,5.85
Miserion,3.62,399.93,1489.99,7.88
CumOnAss,1.23,154.93,942.26,1.28
DarrickS,2.05,232.25,1230.5,7.14
SpongeBobP,1.11,103.62,1191.07,9.09
HOBIMAN,2.17,224.54,1200.92,8.78
moonhalo,1.82,201.32,752.7,5.56
YangChunBong,1.32,159.76,1382.14,5
qun564730114,9.24,645.06,954.86,29.17
Lasoya,0,0,527.4,0
Mandu312,3,256.45,845.6,25
GHOSTOT,0.62,80.69,812.05,0
AidreN,3.86,367.43,1070.47,11.96
Kimi,1.74,204.44,541.08,3.53
Wackou,3.25,332.89,1483.51,13.04
TaeHwan11,1.79,215.4,1137.18,10.64
Assemble,1.5,186.94,1071.09,0
KPK_Aqua7,0,0,146.94,0
GODGYUMAN,1.86,206.11,1187.87,7.76
ChimPanZee_,1.86,207.21,1138.64,3.73
davinchaa,2.03,213.45,899.55,5.71
lvqi,1.94,223.2,1080.34,4.35
calmly,3.04,363.14,1326.04,3.45
DIVE,3,306.05,906.34,9.76
DDNS,0.71,97.59,1097.46,1.09
Killernhoc7,2.05,253.35,1010.54,2.63
Devil7,1.2,144.79,1042.55,4.44
PhenomenalX,2.33,248.13,1279.66,5.17
Alsk1103,1.1,137.55,825.52,2.76
MecEE,1.25,140.26,802.47,3.85
aimPR,4.92,394.9,1312.46,25
WakNitto,2.52,285.08,1338.26,9.65
fckhos,2.34,275.01,1157.28,3.12
SRM82,2.33,274.92,887.83,14.29
Renyah,1.48,175.67,849.79,3.73
JANGKKUL,1.25,146,1262.1,3.75
Norwegian,0.91,109.33,935.99,1.7
Taldnf,0.92,110.33,740.09,1.03
WangLaohu,2.73,284.68,1603.38,18.33
Mangx2,2.34,225.95,1106.03,10.26
9179,1.45,159.65,962.39,6.17
thomas_1,3.5,355.28,1684.88,9.09
Black_Orange,1.19,147.69,1047.32,0
Taco,2.82,318.1,1363.91,5.56
LazyMIA,2.75,296.3,907.79,8.57
Haeng2,1.03,125.86,823.1,0
gw300xl,1.5,132.77,1497.14,25
PRONUBI,13,677.08,1760.81,50
yosoroo,2.49,264.61,893.52,2.63
kan6396,4.14,351.7,1165.79,22.22
Sanejkee,0.51,57.02,1579.18,7.32
sdeva,2.93,313.03,1272.19,6.25
FaSongSong,1.66,191.49,1049.54,2.22
ORIGOD,1.36,157.73,1161.64,2.04
Jeeeeeesus,4.5,368.46,979.15,20
Sw1ped,2.59,289.01,752.49,0
iceshooter,1.34,162.79,1313.5,2.46
B22NCENT,1.45,167.29,1115.09,1.11
DONGHYEOK2,2.24,252.7,1139.66,5.38
JANNIFERLAWRENCE,1.81,200.56,709,8.71
TohokuZunko,1.69,189.03,763.64,3.92
lljk_cubed,3.76,345.85,1578.17,19.23
UncleZhang3,1.65,191.68,787.23,1.59
Six13,48,1568.77,1441.42,66.67
Nakizaki,5,272.89,983.76,50
5JAEDA,0.95,124.53,787.29,1.64
huffola,2.72,300.2,1000.1,6.45
Rainbrain1231,1.65,204.72,472.59,2.12
RoverLee,1.38,161.38,1105.97,0.99
Ryanheart,0.98,120.25,749.52,1.72
Robert,1.3,161.83,715.38,1.79
KaLoo,0.93,118.9,633.27,0
Wabster,2.58,271.06,1195.3,10.81
2SHKingSlayer,1.77,197.2,488.01,2.03
GareBear_XL,1.67,164.88,1195.68,0
Merlin,2.49,250.78,1276.67,12.77
JuoK_2,0.97,118.3,914.01,2.56
Luxiva,5,441.41,1101.41,16.67
CodeNameValkyrie,2.43,257.65,850.16,4.17
HeeHee,2.8,328.47,968.73,5.71
King-of-Kings,2.02,243.03,1117.24,4.04
SSOONJA,1.38,165.94,1083.39,4.22
sneakyAzraeL,3.13,349.37,1090.32,7.14
BeatifulGirl,2.72,269.92,1122.19,11.22
STORMCREAM,1.97,220.28,1421.16,9.76
pKez,1.85,203.1,1111.45,5.62
ringomoti,1.88,206.56,1052.97,8.02
Big-Ass-PaPa,8,1099.26,1883.4,100
Spy_back,3.67,287.01,1036.85,18.18
chickenagent,1.8,182.85,1000.06,6.25
GoD_BiggY,3.21,279.35,1331.55,24.32
KuroTsume,1.91,209.43,936.49,8.74
cosell,2,250.92,801.98,0
6IXTY9,1.73,187.65,1222.37,2
HonorCitizen,1.62,177.67,1000.75,5.08
jackjim,0.79,111.24,1440.42,1.6
blue-whale,1.27,160.51,855.99,1.49
Benc,5.17,383.23,1668.76,25
BB_ONG,1.61,205.65,844.92,0.83
grun108,2.8,266.99,1270.55,16.67
DM2041,5.14,421.58,902.29,22.22
MasterAna,2.33,242.66,1628.86,0
Jasper-,1.54,184.24,670.35,2.13
ToBe0rNotToBe,1.29,145.35,976.21,8.7
mongg,1.51,178.17,1109.92,0
HI_Kenzo,1.78,227.51,1120.36,0
KimroC,1.42,168.83,1069.02,1.5
LeeSC,1.23,143.32,852.4,1.39
IbinRa,1.38,163.86,1090.01,0
Legion_XIII,0.95,137.13,776.21,0
YoungSammy,1.28,157.14,1045.98,0.79
Kr0ne,2.67,294.47,1349.54,0
AIMOO,1.07,127.69,738.97,3.17
eylice,1.78,182.22,1523.86,17.24
KUN1234,3.5,293.25,1166.85,25
AfterTheEarth,6,394.36,1312.58,40
WREKT,4.17,371.02,935.23,19.23
AiQiYi_TVxinxin,3.12,335.89,919.07,7.02
Superman123,0.87,110.91,1464.95,1.72
7Div_Slayer,2.85,275.44,1024.58,7.14
Courtyard,1.78,189.39,856.01,4.27
casman_squard,0,0,134.51,0
tyapatu,5.84,445.3,1450.22,26.92
1E+15,2.78,283.72,687.48,8.57
Papaya007,1.87,218.34,835.61,2.27
Myrial,1.82,216.23,1286.29,3.39
sapsaree,3.26,294.05,1441.15,17.31
Hwanyy,1.13,137.7,898.21,0.96
Martin-,2.26,249.41,1181.99,7.61
DduraDdia,10,585.9,1761.91,40
KayOnTheRock,2.56,292.76,1267.65,5.84
A7sKon,1.66,183.09,1116.45,1.96
GatiImo,2.58,288.79,1082.62,5.87
InYasio,2,210.34,1185.63,2.78
hyun05290,0.87,101.85,1390.23,4.55
OARZET,0.79,100.81,1023.07,1.14
BBakDol,1.67,199.03,1322.5,5.98
wookMan-kor,7,314.94,957.1,50
invinciblelee,1.16,140.98,1273.97,3.22
LeeGo222,3.5,364.62,937.72,5.19
Roricon,1.26,159.49,796.22,1.2
NuuLY,3.43,351.42,1230.05,4.17
Tumblin-VX9-,9.5,500.86,1531.91,50
UGUchan,1.68,216.45,965.06,1.52
JamesKurk,2.98,306.51,898.5,11.11
SPIDER7,2,207.71,1064.19,0
1SHOT1KILL,2,250.32,1560.6,0
KukDas,0.96,124.7,800.1,0
Leandro_Lo,0.75,93.36,988.05,1.4
Stickydude1,2.87,294.35,819.74,0
Narcism,1.18,136.59,1007.61,3.47
BooDoo,1.53,183.04,830.81,3.8
mArsH-_-,3,270.62,1260.08,17.78
dubel,1.69,202.72,1002.66,4.76
Angelae,0.98,122.88,1135.61,1.78
HypeRNT,1.34,157.01,1290.58,0.68
YangYong,1.14,138.88,1084.65,0.8
Milk_master,2.5,238.08,1170.35,17.65
Pdragon,1.81,204.66,991.86,6.56
DOUYUTV-hunzi,3.31,335.13,953.74,10
sess1ons,1.98,232.51,1038.42,0
KayaRan,0.99,128.09,958.79,0.77
BuyTheChicken,4.27,372.47,1278.61,23.53
Cuhris,3.15,299.4,1351.72,16.13
WIN-TER,2.67,304.51,1568.18,0
Sierra_Club,1.58,193.37,884.84,1.52
neopart,1.3,162.38,934.79,1.75
RoGoNGoD,1.57,172.12,909.81,3.53
Masterus,1.88,205.95,1224.06,3.12
TAZZNAP,1.01,122.58,949.02,0.75
Ajuseegajoa,8,884.13,1941.66,100
KlausHerberth,2.76,284.49,1104.53,9.8
Langeeeee,1,287.82,1218.82,0
BegForMercy,1.33,135.93,548.24,0
Big_Picture,1.71,199.75,899.32,3.66
SeoulTech,1.93,199.64,1265.52,5.26
iamhellbringer,2.33,225.41,1447.42,0
FiredEgg,1.92,212.53,593.19,1.89
junkyhead,1.87,201.1,1326.56,7.98
wazzupi,2.71,283.05,1028.99,10
adadadadqeqe,1.54,190.81,1241.52,4.26
fantasylily,1.31,153.68,1262.77,3.96
Aka-crazy-dog,2.32,249.66,1262.21,9.8
keycha911,2.55,261.05,1380.33,13.04
AIMLUL,2.77,279.07,1364.77,14.43
IamCIBUY,1.44,179.2,1105.44,4.31
wassuphong,1.72,192.65,1023.83,3.33
Aleor,2.1,245.53,939.44,0
Jokkiizz,2.06,247.72,886.45,0
1ceman,0.88,106.05,1395.6,5.59
Draedon,5.39,470.6,1558.36,22.22
KimZS,2.51,271.97,1020.94,7.49
YANLIYU,10,798.03,1420.48,33.33
Dominix,2,221.07,1113.14,9.09
VsnT,3.2,305.51,1277.01,16.67
T-Angel,2.39,220.45,1357.91,14.29
BILLON,1.61,186.01,885.35,3.24
cubze,1.4,153.87,1301.17,4.55
CraigBoone,4.33,278.95,1255.94,40
OwlPpaem,1.2,142.04,1243.9,3.54
t1ntin,2.59,255.8,1342.45,13.21
Yangpa,1.86,215.47,1225.1,7.14
ZOOREUM,1.36,125.56,1235.24,15.38
meshstockings,1.18,132.32,749.27,0
GOGUMA12,3.31,279.57,1370.98,13.33
ViOla-,2.71,299.04,1432.74,8.16
Nomuddang,2.15,213.42,993.61,3.7
SaltySally,2.8,273.62,844.91,11.76
RushAttack,0.75,100.84,820.5,0
KONE,2.66,290.35,877.57,5.06
g_g_yo,2.33,238,915.91,0
Uniking666,1.31,156.67,868.45,1.06
SkyOcean,0.79,97.53,938.49,0.65
ErminA,2.48,265.28,936.64,7.46
Priv8,3.68,303.61,1631.5,22.81
kism00,1.69,202.42,696.67,5.45
AGUMON2,1.6,183.05,788.49,0
Heerit,1.58,177.23,1118.62,0
uS2Su,2.93,292.63,722.63,12.5
pinkgay,1.63,186.63,864.1,2.62
SOMDA,1.07,131.88,1156.36,0
youki,1.67,185.36,1011.73,4
EasyToMe,0,0,852.17,0
Enfiende,1.8,203,850.83,1.89
Zirase,2.33,234.54,1152.93,14
sunwoooo,1.58,164.68,1125.42,6.35
St_R1kkuN,2,231.83,848.88,4.01
Nhac,2.53,274.84,1026.6,6.43
JinLee88,1.9,202.76,1020.91,11.36
SacGul,1.7,202.15,1125.37,3.6
oo13,1.63,189.64,948.14,1.35
SamXue,1.54,173.68,1172.96,3.62
subslayer,2.5,267.28,498.21,0
Exer0,2,235.91,825.37,2.44
mauriti,2.84,264.1,925.54,10.94
checkgul,35,710.45,1856.02,80
JHR1,1.22,140.77,891.74,4.42
bring_it_on,0.9,104.56,548.69,1
IlII,7.67,402.25,1560.93,50
yossi,1.77,203.89,872.61,0
ggolim,2.33,236.91,1292.09,10.81
25rasu,1.08,113.41,1406.8,7.79
NoSana-NoLife,2.47,240.17,1047.31,11.76
EHoo,1,136.44,1017.23,1.33
HUNDONG,1.83,190.8,1146.76,5.33
ToSTte,1.1,146.16,993.16,1.08
Punkin_,1.71,165.74,1447.63,12.5
mmnm,4.17,398.47,1624.55,14.29
KANASY,23,516.88,1740.43,75
Zelendra,3.06,323.74,1133.61,11
Sorken,2.24,238.56,1200.13,11.98
KimDongGle,1.98,225.22,1083.58,4.26
qhrizz,3.73,346.39,1132.74,11.76
Jamren,1.25,142.08,1122.36,0.87
Gaggu,0.49,69.58,975.44,0.74
GGonzo,2.2,236.77,1064.23,8.33
dickdickdick,3.02,297.73,1375.38,8.7
Odinz,14,462.99,1870.53,66.67
DEDHOT,0.81,98.5,802.33,2.49
TXmaster,1.08,131.54,1058.45,2.03
CRISTIS,13.5,824.52,1769.7,46.67
KOR_Aperio,1.34,161.95,838.94,1.19
1RoHa_,1.45,167.54,762.57,1.8
Xibalnoma,1.43,162.07,809.25,0
TheKan,1,122.07,977.89,1.96
Toujours,3.31,304.43,1183.44,14.63
hamfz,4.61,393.26,1424.85,21.74
BananaGoesHam,1.48,162.39,953.95,4.6
Dane1,1.33,162.8,1422.79,3.15
Ironmeen,2.34,239.15,1246.16,7.14
KingToad,1.86,202.82,1141.46,12.5
BlessOfGOD,1.12,146.16,1002.34,0
ORPHAN_K,2.55,266.24,747.64,8.33
macchky,3,216.53,1265.75,28.57
arun8405,3.38,330.26,1388.09,11.9
Yonsei-Milk,2.14,237.99,1160.12,7.55
Reffon,1.53,177.84,884.09,3.57
JustJonesin,4.33,344.54,1039.67,25
ililIiIiiillii,1.4,142.8,1266.66,9.09
Giuk,2.83,272.27,1426.5,14.29
Sayidd,1.64,196.33,864.86,1.75
m1nd_one,2.63,257.66,1395.95,11.63
elka,2.46,258.14,1517.2,16.13
tyo_shat,1.76,195.11,965.29,3.51
Killer-K,3.09,250.98,1048.6,15.38
HideOnPussy,4.07,328.36,1363.84,26.32
SEMANG,1,174.96,915.73,0
A-Z-0-9,1.19,152.83,815.28,2.44
ZyCheNzz,12,398.41,1520.19,66.67
SY_laofei,1.98,221.04,896.68,3.08
ver0x,10,612.15,1526.48,42.86
maimai83,2.05,223.03,1418.42,3.03
FrontOfYou,1.26,155.24,957.47,1.89
Sacriel,2.42,253.61,1303.21,9.66
songse,1.46,170.01,792.33,0
Einstyle,1.04,129.45,790.07,0
Filthycat305,2.89,304.85,862.75,7.78
steelol,5.7,476.22,1591.66,28.57
nickelasscrack,1.42,178.41,1225.55,2.16
Ketsuzai,1.12,149.79,905.48,0.87
nmr_0,1.98,228.48,1048.1,5.68
NOP__JK17sai,3,266.88,1344.6,25
ASIFFALLDOWN,0.67,95.5,1041.03,0.5
MinYiHyun,2.35,251.1,1012.48,8
FishBread,2.73,288.17,1406.82,6.78
Gratia,2.24,249.06,1376.67,11.27
DevRa,1.45,166.97,961.34,1.87
hinghing,2.33,262.53,1751.64,0
JingleSgrios,1.11,129.99,1081.95,3.69
ssanQ,0.77,93.78,953.43,0.42
Bush_Wookie25,3.19,292.99,1027.4,13.51
OhSAX,1.08,109.54,928.4,0
Obang,3.23,315,990.14,9.09
Peggie,1.62,186.12,646.83,2.38
MerryChristmas,1.45,163.56,666.05,2.76
TehForz,6.5,472.65,1564.88,33.33
NightEnduro,2.21,249.25,717.39,2.97
Pokech,6,384.13,1419.53,40
PandaTV866144,1.78,196.42,811.51,5.23
Stoff,3.15,312.4,1197.6,13.33
KoolzR,2.34,260.19,1313.59,9.64
XFreedom,0.89,109.16,865.65,1.34
Henrikisbest,3.08,337.51,641.88,2.76
Substanse,1.48,180.48,858.71,2.81
WaiGeol,2.3,234.13,1031.85,9.86
RUS78,4.47,472.13,838.98,16.95
ppikki,1.57,177.47,855.08,3.26
David-505,2.03,204.98,1478.93,14.8
D_PiL,1.93,205.04,613.43,5.26
EZDeath777,0.88,119.85,1054.97,0.9
kaiGOD,3.89,378.12,1200.12,17.14
imNaDa,0.95,116.05,693.72,0.88
EmergencyFood,1.72,201.69,1074.54,0
FPS_Kephrii,2.73,305.94,990.28,9.26
GIIN2,1.14,125.27,991.3,2.14
Puma,2.82,270.58,1377.8,14.04
SangGi,1.92,210,1242.8,9.09
DDOYO,1.42,162.62,941.66,2.53
Marynat,3.56,339.68,870.42,11.11
P0ND,1.42,180.9,793,0
Meeety,1.81,210.99,717.94,2.14
GICE,3.08,290.59,1326.16,19.67
LavenderAA-,0.56,59.57,731.92,0
ryuji723,1.37,172.36,878.3,0.37
YourSoulIsMine,1.56,178.32,1062.36,3.23
roEhd,2.36,258.87,932.15,3.03
South__WIND,7,318.66,1627.75,50
Rayjackson,1.56,163.88,1125.65,10
5Dark,2.14,234.33,1088.75,7.41
VissGames,5.74,501.57,937.36,19.66
LsinJ,0.76,105.36,1418.55,2.17
eMERPUs,3.83,317.44,1096.9,14.29
AstroHippo,1.29,148.03,808.67,2.04
FuryEcho,2.34,271.49,748.01,3.33
Merrwine,0.93,117.79,912.99,1.19
Heading0613,1.83,220.8,792.88,1.11
URIMJIGI,1.71,189.89,1012.5,8.59
PuReun,1.01,127.58,1031.21,2.35
DanaLen,2.77,267.9,1041.17,12.96
Oasis__,1.48,183.28,1200.4,5.71
Lauris12341,1.2,149.78,860.91,2.17
gotembro,2.67,232.15,1200.18,25
Rumia,2.86,310.89,1389.42,4.49
yutachacha,4.24,437.36,1307.66,7.32
StyleSeo,1.31,153.45,1082.62,1.33
winnez,2.62,208.41,1406.69,20
liverfool,0.96,119.97,912.21,0.38
AnotherLevel,2.71,281.41,1094.66,8.33
JyuzoManda,2.16,251.34,845.39,3.18
Avenger,5.26,419.4,1193.32,28
PyuL,2.3,230.36,1241.15,9.09
incognitoS2,2.25,252.53,1313.16,0
goomy_bear,0.95,115.78,1185.1,4.5
Hellothere0519,1.39,153.41,1410.92,2.94